eqcmifuyxt@yahoo.com,
gxocwlnssi@gmail.com,
yvuqbzzort@msn.com,
sjpyvbfdml@supersqa.com,
zjcspdjiid@supersqa.com,
lxtkgwqcuf@msn.com,
ufepmbhend@supersqa.com,
ummivymsng@outlook.com,
ezehgmyxkg@gmail.com,
dgcjwffsip@outlook.com,
zgybaigsoz@outlook.com,
ddghbtyyoy@gmail.com,
cespqijooa@outlook.com,
fikaxpvins@outlook.com,
yubzifqdtv@yahoo.com,
suyrklilxq@supersqa.com,
axhxvdwxqy@yahoo.com,
gyfyjwfhkt@outlook.com,
pyoeftbohl@msn.com,
zjhatjlkzh@gmail.com,
pmfihqohjz@supersqa.com,
qtdpexvncf@msn.com,
nxsyedysze@supersqa.com,
vqewxjpzuw@outlook.com,
kidzrlusfs@msn.com,
zycjevknyh@gmail.com,
gykvmsmcpw@yahoo.com,
vhmcmldzwj@supersqa.com,
twidkhgblm@gmail.com,
yquqgghtwo@supersqa.com,
yztotkczvi@supersqa.com,
wwczfmesjl@outlook.com,
llotxfuwri@yahoo.com,
wsnhruvozn@yahoo.com,
aqfhlfchkp@outlook.com,
tkyykkqgce@gmail.com,
rqagzykrzj@supersqa.com,
qwezejvnfr@yahoo.com,
zywltqtriz@msn.com,
sdjmamahvt@yahoo.com,
omrhzoxbbl@msn.com,
pgwedgmrqi@gmail.com,
mirckpmxzw@gmail.com,
brybxgxvjz@outlook.com,
jtwxpbvskb@supersqa.com,
kdwvydswkn@gmail.com,
zjnkbkpgmh@gmail.com,
tgxhwnqopv@msn.com,
aojvcrddxx@outlook.com,
nvyjzravbu@msn.com,
vkxlzvksug@supersqa.com,
ofcysvpeyq@yahoo.com,
izvfskrlfs@yahoo.com,
ojmxlnhcas@yahoo.com,
ojdcvfupvs@outlook.com,
mwrzdyvohc@gmail.com,
yzncxuqurl@gmail.com,
isdcgbkkhy@gmail.com,
bbfvpgxbqt@outlook.com,
lxwqolvyqy@supersqa.com,
iykuruxpwt@outlook.com,
csoujpumag@supersqa.com,
olcizraljk@outlook.com,
cupsyuorpz@gmail.com,
hmyowrbota@yahoo.com,
sabcxsnyje@supersqa.com,
aqehhmppvr@outlook.com,
eastwzkagm@outlook.com,
lifxsbqyhp@outlook.com,
qvmjhqqraj@gmail.com,
fifpbqlygk@gmail.com,
tgkgdtlrls@yahoo.com,
jrnetrossy@supersqa.com,
feobgodcfy@msn.com,
oxvspouuex@outlook.com,
zwovnhsozl@gmail.com,
igusbjptge@outlook.com,
fhvonkgjyd@outlook.com,
prepiuniro@outlook.com,
jtscjydrfy@yahoo.com,
utmgsfrbkx@yahoo.com,
tclddjzbwh@supersqa.com,
butuvsrpdd@outlook.com,
zonutxyuyd@outlook.com,
nwostdgnvn@gmail.com,
ihibugurkw@yahoo.com,
anrecrpyev@yahoo.com,
cbdmhkfytb@msn.com,
wusbralbna@msn.com,
hqqsimprkz@yahoo.com,
ywgkikdghj@supersqa.com,
dovpqjddnc@gmail.com,
kumqpxufjo@msn.com,
avrtmueijz@msn.com,
hybfovhqek@msn.com,
sfyrrmkpxs@supersqa.com,
xzuhxraaft@msn.com,
urtapncect@supersqa.com,
eccdzmwawo@outlook.com,
adddihsfmg@yahoo.com