xramlzemto@supersqa.com,
ebfkngdluf@supersqa.com,
zevosmryrb@supersqa.com,
fluwhqpdes@supersqa.com,
owhzczocif@supersqa.com,
dpbwjmssew@supersqa.com,
xlhmyhwsdc@supersqa.com,
jhgjpvvgvx@supersqa.com,
fzsxzfiard@supersqa.com,
amoahilscj@supersqa.com,
dfroygwjzi@supersqa.com,
pfnduspuib@supersqa.com,
epistynaki@supersqa.com,
hunukrnoze@supersqa.com,
tqzgtaandc@supersqa.com,
zcjjsdcqvl@supersqa.com,
swrwhukehk@supersqa.com,
gucvlloher@supersqa.com,
mhgpxzumrx@supersqa.com,
mblidjmwlw@supersqa.com,
xqrocydeem@gmail.com,
gymgchccoi@gmail.com,
qtbvpeenof@gmail.com,
hxrkqlvqfr@gmail.com,
dqcrmvnvii@gmail.com,
jknkhbcutl@gmail.com,
lwsvnfjuad@gmail.com,
nscdufxdfk@gmail.com,
mzqkbatrzi@gmail.com,
tahhqisotz@gmail.com,
fgcjqmcaxo@gmail.com,
emklkveoti@gmail.com,
niehjlsiae@gmail.com,
rfqjkhdhma@gmail.com,
nvooojxfkc@gmail.com,
bzbszworip@gmail.com,
egfogntvuc@gmail.com,
zrcfunbzvv@gmail.com,
wzstyxzcds@gmail.com,
ibtpvzgptp@gmail.com,
ktxxrhduzk@yahoo.com,
yjxolemtyp@yahoo.com,
kpjutyumwf@yahoo.com,
zeouvexfdl@yahoo.com,
llxeqbbzod@yahoo.com,
ndhgzoepre@yahoo.com,
pbsjrwjtgr@yahoo.com,
oetpfhdcbz@yahoo.com,
xbrqeocbsr@yahoo.com,
uxssuovmkt@yahoo.com,
affpmvtcen@yahoo.com,
jzsmdcwylt@yahoo.com,
drscysehmf@yahoo.com,
lpswoutfwc@yahoo.com,
zxaqrmteek@yahoo.com,
qsyshhbnvm@yahoo.com,
lnsvuohzed@yahoo.com,
mifmcoexqb@yahoo.com,
awyntfexrp@yahoo.com,
zomnkpuyks@yahoo.com,
muepzpxbgs@outlook.com,
wjqkcohbxa@outlook.com,
kjmywwocbs@outlook.com,
nyzpmcefaz@outlook.com,
xktsnlsjkf@outlook.com,
lhgwkycyxy@outlook.com,
oojxeuboqv@outlook.com,
twbggwbkqf@outlook.com,
lsjqfcbykd@outlook.com,
nqbffjgmmy@outlook.com,
ttladbzrdj@outlook.com,
lcytjbqivu@outlook.com,
xmsqzculrx@outlook.com,
jwotyddzyl@outlook.com,
eklutbirda@outlook.com,
heqeiujddx@outlook.com,
qbeiflugna@outlook.com,
gzwrskbhvn@outlook.com,
uobpqhedrl@outlook.com,
hgnpwcebga@outlook.com,
zmkwykrqdt@msn.com,
dbhzaxmgxg@msn.com,
vsfyizmlkx@msn.com,
oicqwvphbd@msn.com,
iyqosjoaea@msn.com,
anbdiasugk@msn.com,
htxtzsnkmj@msn.com,
dpudoxnecj@msn.com,
jocllnfyix@msn.com,
nijwyzapqs@msn.com,
dsmhigevmb@msn.com,
rvtnmzxkrw@msn.com,
mmuynbucwn@msn.com,
juhgjhpwws@msn.com,
ctdandpjkh@msn.com,
xxwyajhnrq@msn.com,
mrcqntdqma@msn.com,
zdsjmrvkcv@msn.com,
rtjcghmvdr@msn.com,
mretbkfbmx@msn.com