zlqxmsqqqd@yahoo.com,
yuwgtajene@msn.com,
jytxbzjdjs@yahoo.com,
vxwfoovdjw@outlook.com,
xlhecqduou@supersqa.com,
yshsksoqpx@outlook.com,
iokyqgrpvq@gmail.com,
bfmyuxfybb@yahoo.com,
ywyhsodwvb@supersqa.com,
urabvyvyrb@supersqa.com,
xgicqvxtzd@gmail.com,
hjegbscrcq@yahoo.com,
vbsmzlcaua@supersqa.com,
xnqzyxvrhg@gmail.com,
dvwvcyqvbx@outlook.com,
hqmmlvhmsj@supersqa.com,
meqksplbxi@msn.com,
phztnrgzds@supersqa.com,
gmqfgmnjnh@supersqa.com,
jhypmihzwh@gmail.com,
qoimwqljbv@msn.com,
dvokwvepio@msn.com,
tllxogdckj@yahoo.com,
wxqvaqtugd@yahoo.com,
nbgwhuwuuj@gmail.com,
dzyykuwpil@outlook.com,
mvitwofgnv@gmail.com,
eufsvwgtbk@yahoo.com,
crkedpleky@outlook.com,
gdsgigdnad@outlook.com,
gcffqktbzn@yahoo.com,
xkzolczwqs@supersqa.com,
hrnkojcxas@outlook.com,
lxttmvohxq@outlook.com,
lxdfnjrozw@outlook.com,
yhteahmsta@outlook.com,
okthjnmzzz@msn.com,
ddieodajmd@yahoo.com,
jcjvjxtmzd@msn.com,
njmobbvecg@outlook.com,
sddxrbztmt@outlook.com,
zeezrvjqrg@gmail.com,
pcwisppqes@gmail.com,
smuvhznbrx@yahoo.com,
vgxzrkbbvm@supersqa.com,
dzdzppqetf@gmail.com,
acmzczsacs@supersqa.com,
ppadvkmntp@supersqa.com,
fkgzeohwcp@supersqa.com,
etgxjuxwuf@msn.com,
vayytkdvdd@supersqa.com,
zhnpezjoiz@msn.com,
zntgtwjiye@msn.com,
vxkzajqvat@outlook.com,
wehrhkgfik@supersqa.com,
cfzrksvwvx@outlook.com,
frbyhcwhvu@outlook.com,
pszsiftjmf@gmail.com,
xtxrseyyir@yahoo.com,
zhzmnwfuwy@yahoo.com,
efrmvgwoca@msn.com,
ybamzsmemx@supersqa.com,
loorerggos@supersqa.com,
smaefdccll@supersqa.com,
pedvqqmurr@gmail.com,
nhlzjtgwvm@msn.com,
hlhquerfts@gmail.com,
fqdoxkbiyr@gmail.com,
bxhcjgvrye@supersqa.com,
pyddzkdqcy@gmail.com,
bewseqfqeh@supersqa.com,
ascmttuqrr@outlook.com,
eonzvlpaqg@gmail.com,
fmvpfnlwym@yahoo.com,
vublobhdqu@outlook.com,
aykrxxcezn@gmail.com,
yhhbprzuwk@gmail.com,
fcffhmtajv@outlook.com,
iywgudtilo@yahoo.com,
pjmumsxaal@yahoo.com,
ntacyvjobu@yahoo.com,
skyayutsgy@supersqa.com,
nltegoufgo@supersqa.com,
nzpraiekgj@outlook.com,
lltznrcljl@supersqa.com,
xvvefynfnf@outlook.com,
lvfqffpnbp@msn.com,
moxrozdqtm@supersqa.com,
urhzuqnlzi@yahoo.com,
zhnrnwxrot@supersqa.com,
gcxqhukwhi@gmail.com,
grpdbfpvmi@supersqa.com,
tntwacchaw@yahoo.com,
nnircbuurn@yahoo.com,
lgxumnaaqn@supersqa.com,
teamwhtrmg@supersqa.com,
yltaenqxfb@msn.com,
irbepormca@supersqa.com,
hgqejubgtx@outlook.com,
ymwxbcdpfu@msn.com,
